{"loss": [0.839398205280304, 0.4775019884109497, 0.3496473729610443, 0.28580039739608765, 0.2466302067041397, 0.21907983720302582, 0.1984480321407318, 0.18163743615150452, 0.1665685921907425, 0.15571625530719757], "accuracy": [0.6229220032691956, 0.8169551491737366, 0.867473304271698, 0.8920354843139648, 0.9056295156478882, 0.916557252407074, 0.9235057830810547, 0.9302523136138916, 0.9359686374664307, 0.9387561082839966], "f1_m": [0.4570212662220001, 0.8113879561424255, 0.8677074313163757, 0.8933865427970886, 0.9084455966949463, 0.91998690366745, 0.9266423583030701, 0.9326381087303162, 0.9388169646263123, 0.941999077796936], "val_loss": [0.6336975693702698, 0.49104490876197815, 0.4354695975780487, 0.43609294295310974, 0.4341645836830139, 0.42476963996887207, 0.44630202651023865, 0.4694012403488159, 0.4824672341346741, 0.4975946843624115], "val_accuracy": [0.7504090070724487, 0.8102163076400757, 0.8360298275947571, 0.8351209163665771, 0.8458462357521057, 0.8532993793487549, 0.8549354672431946, 0.8520268797874451, 0.8574804663658142, 0.8585711717605591], "val_f1_m": [0.7296480536460876, 0.8064610958099365, 0.8328386545181274, 0.835442304611206, 0.8456884622573853, 0.8549029231071472, 0.8552734851837158, 0.856228768825531, 0.8590859770774841, 0.8612645864486694], "params": {"verbose": 1, "epochs": 10, "steps": 1548}}