{"loss": [0.8409974575042725, 0.5095968842506409, 0.37919381260871887, 0.3131325840950012, 0.27070990204811096, 0.2387155294418335, 0.2142438441514969, 0.19447997212409973, 0.1759483814239502, 0.16085413098335266], "accuracy": [0.6131455898284912, 0.8045529127120972, 0.856080949306488, 0.8823196887969971, 0.8968226909637451, 0.9083967804908752, 0.9174460172653198, 0.9245763421058655, 0.9308380484580994, 0.9359888434410095], "f1_m": [0.46433091163635254, 0.7950060367584229, 0.8549060225486755, 0.8835786581039429, 0.8988209962844849, 0.9104887247085571, 0.919528067111969, 0.9277167916297913, 0.9338000416755676, 0.9389674663543701], "val_loss": [0.6663677096366882, 0.5248004794120789, 0.4684474468231201, 0.459012508392334, 0.47045478224754333, 0.4623245894908905, 0.4742147922515869, 0.4872867465019226, 0.5119451880455017, 0.5465167760848999], "val_accuracy": [0.7309579849243164, 0.7896745800971985, 0.8222141265869141, 0.8329394459724426, 0.8323941230773926, 0.8440283536911011, 0.8463915586471558, 0.8476640582084656, 0.8480276465415955, 0.8460279703140259], "val_f1_m": [0.7166078090667725, 0.7874031662940979, 0.8203017711639404, 0.8290761709213257, 0.8329316973686218, 0.8457480072975159, 0.8451545238494873, 0.8488457202911377, 0.8499699234962463, 0.8485901355743408], "params": {"verbose": 1, "epochs": 10, "steps": 1548}}